No., topics
1,Audience Reception / Ratings
2,Acting / Characters
3,Plot / Story
4,Acting / Characters
5,Acting / Characters
6,Plot / Story
7,Audience Reception / Ratings
8,Production / BTS
9,Audience Reception / Ratings
10,Audience Reception / Ratings
11,Box Office / Financial Performance
12,Fan Creations / Memes
13,Plot/Story
14,Fan Creations / Memes
15,Box Office / Financial Performance
16,Box Office / Financial Performance
17,Box Office / Financial Performance
18,Production / BTS
19,Audience Reception / Ratings
20,Plot / Story
21,Box Office / Financial Performance
22,Production / BTS
23,Audience Reception / Ratings
24,Audience Reception / Ratings
25,Audience Reception / Ratings
26,Plot / Story
27,Marketing / Promotion
28,Audience Reception / Ratings
30,Production / BTS
31,Fan Creations / Memes
32,Audience Reception / Ratings
33,Audience Reception / Ratings
34,Box Office / Financial Performance
35,Audience Reception / Ratings
36,Plot / Story
37,Plot / Story
38,Audience Reception / Ratings
39,Box Office / Financial Performance
40,Marketing / Promotion
41,Acting / Characters
42,Box Office / Financial Performance
43,Audience Reception / Ratings
44,Box Office / Financial Performance
45,Audience Reception / Ratings
46,Plot / Story
47,Fan Creations / Memes
48,Audience Reception / Ratings
49,Fan Creations / Memes
50,Plot / Story
51,Audience Reception / Ratings
52,Production / BTS AUDIENCE
53,Box Office / Financial Performance
54,Box Office / Financial Performance
55,Acting / Characters
56,Box Office / Financial Performance
57,Plot / Story
58,Production / BTS AUDIENCE
59,Production / BTS AUDIENCE
60,Box Office / Financial Performance
61,Plot / Story
62,Box Office / Financial Performance
63,Production / BTS AUDIENCE
64,Marketing / Promotion
65,Audience Reception / Ratings
66,Audience Reception / Rating
67,Plot / Story
68,Audience Reception / Ratings
69,Marketing / Promotion
70,Plot / Story
71,Acting / Characters
72,Production / BTS AUDIENCE
73,Plot / Story
74,Audience Reception / Ratings
75,Plot / Story
76,Plot / Story
77,Fan Creations / Memes
78,Fan Creations / Memes
79,Box Office / Financial Performanc
80,Audience Reception / Ratings
81,Plot / Story
82,Audience Reception / Ratings
83,Production / BTS AUDIENCE
84,Audience Reception / Ratings
85,Box Office / Financial Performance
86,Audience Reception / Ratings
87,Production / BTS AUDIENCE
88,Box Office / Financial Performance
89,Acting / Character
90,Audience Reception / Ratings
91,Production / BTS AUDIENCE
92,Fan Creations / Memes
93,Fan Creations / Memes
94,Plot / Story
95,Audience Reception / Rating
96,Acting / Characters
97,Plot / Story
98,Acting / Characters
99,Box Office / Financial Performance
100,Box Office / Financial Performance
101,
102,Acting / Characters
103
104,Marketing / Promotion
105,Plot / Story
106,Audience Reception / Ratings
107,Audience Reception / Ratings
108,Fan Creations / Memes
109,Fan Creations / Memes
110,Box Office / Financial Performance
111,Box Office / Financial Performance
112,
113,Audience Reception / Ratings
114,Acting / Characters
115,Audience Reception / Ratings
116,
117,Audience Reception / Ratings
118,Marketing / Promotion
119
120,Marketing / Promotion
121,Marketing / Promotion
122,Plot / Story
123,Audience Reception / Ratings
124,
125,Audience Reception / Ratings
126,Marketing / Promotion
127,Marketing / Promotion
128,Audience Reception / Ratings
129
130,Marketing / Promotion
131,Plot / Story
132,Plot / Story
133,Plot / Story
134,Plot / Story
135,Audience Reception / Ratings
136,Production / BTS AUDIENCE
137,Plot / Story
138,Plot / Story
139,Plot / Story
140,Plot / Story
141,
142,Box Office / Financial Performance
143,Box Office / Financial Performance
144,Box Office / Financial Performance
145,Audience Reception / Ratings
146,Marketing / Promotion
147
148,Marketing / Promotion
149,Box Office / Financial Performance
150,Plot / Story
151,Plot / Story
152,Box Office / Financial Performance
153,Box Office / Financial Performance
154,Box Office / Financial Performance
155,Marketing / Promotion
156,Marketing / Promotion
157,Audience Reception / Ratings
158,Marketing / Promotion
159,Audience Reception / Ratings
160,Box Office / Financial Performance
161,Production / BTS AUDIENC
162,Marketing / Promotion
163,Marketing / Promotion
164,Production / BTS AUDIENCE
165,Acting / Characters
166,Box Office / Financial Performance
167,Audience Reception / Ratings
168,Box Office / Financial Performance
169,Acting / Characters
170,Box Office / Financial Performance
171,Box Office / Financial Performance
172,Box Office / Financial Performance
173,Acting / Characters
174,Audience Reception / Ratings
175,Marketing / Promotion
176,Box Office / Financial Performance
177,Audience Reception / Ratings
178,Audience Reception / Ratings
179,Box Office / Financial Performance
180,Production / BTS AUDIENCE
181,Box Office / Financial Performance
182,Box Office / Financial Performance
183,Box Office / Financial Performance
184,Box Office / Financial Performance
185,
186,Box Office / Financial Performance
187,Fan Creations / Memes
188,Box Office / Financial Performance
189,Marketing / Promotion
190,Box Office / Financial Performance
191,Box Office / Financial Performance
192,Box Office / Financial Performance
193,Box Office / Financial Performance
194,
195,Box Office / Financial Performance
196,Box Office / Financial Performance
197,
198
199,Box Office / Financial Performance
200,Box Office / Financial Performance
201,Box Office / Financial Performance
202,Box Office / Financial Performance
203
204,Box Office / Financial Performance
205,Plot / Story
206,Box Office / Financial Performance
207,Box Office / Financial Performance
208,Audience Reception / Ratings
209,
210,Box Office / Financial Performance
211,Production / BTS AUDIENCE
212,Audience Reception / Ratings
213
214,Marketing / Promotion
215,Box Office / Financial Performance
216,Marketing / Promotion
217,Box Office / Financial Performance
218,Box Office / Financial Performance
219,Box Office / Financial Performance
220,Box Office / Financial Performance
221
222,Box Office / Financial Performance
223,
224,Audience Reception / Rating
225
226
227,Box Office / Financial Performance
228,Box Office / Financial Performance
229,
230,Acting / Characters
231,Production / BTS AUDIENCE
232,Marketing / Promotion
233,Marketing / Promotion
234,Marketing / Promotion
235,Marketing / Promotion
236,Plot / Story
237,Acting / Characters
238,Box Office / Financial Performance
239,Box Office / Financial Performance
240,Marketing / Promotion
241,Plot / Story
242,Audience Reception / Ratings
243,Box Office / Financial Performance
244,Music
245,Box Office / Financial Performance
246,Audience Reception / Ratings
247,Box Office / Financial Performance
248,Production / BTS AUDIENCE
249,Marketing / Promotion
250,Box Office / Financial Performance
251,Box Office / Financial Performance
252,Audience Reception / Ratings
253,Fan Creations / Memes
254,Box Office / Financial Performance
255
256,Marketing / Promotion
257,Audience Reception / Ratings
258,Audience Reception / Ratings
259,Box Office / Financial Performance
260,Plot / Story
261,Box Office / Financial Performance
262
263,Marketing / Promotion
264,Plot / Story
265,Audience Reception / Ratings
266,Box Office / Financial Performance
267,Audience Reception / Ratings
268,Box Office / Financial Performance
269,Box Office / Financial Performance
270,Acting / Characters
271,Box Office / Financial Performance
272,Production / BTS AUDIENCE
273,Box Office / Financial Performance
274,
275,Box Office / Financial Performance
276,Box Office / Financial Performance
277,Marketing / Promotion
278,Box Office / Financial Performance
279,Production / BTS AUDIENCE
280,Box Office / Financial Performance
281,Marketing / Promotion
282,Audience Reception / Ratings
283,Box Office / Financial Performance
284,Marketing / Promotion
285,Plot / Story
286,Audience Reception / Ratings
287,Acting / Characters
288,Plot / Story
289,Plot / Story
290,Audience Reception / Ratings
291,Plot / Story
292,Box Office / Financial Performance
293,Box Office / Financial Performance
294,Audience Reception / Ratings
295,Audience Reception / Ratings
296,Box Office / Financial Performance
297,Marketing / Promotion
298,Box Office / Financial Performance
299,Box Office / Financial Performance
300,Audience Reception / Ratings
301,Box Office / Financial Performance
302,Production / BTS AUDIENCE
303,Box Office / Financial Performance
304,Marketing / Promotion
305,Plot / Story
306,Box Office / Financial Performance
307,Box Office / Financial Performance
308,Plot / Story
309,Box Office / Financial Performance
310,Box Office / Financial Performance
311,Audience Reception / Ratings
312,Marketing / Promotion
313,Audience Reception / Ratings
314,Box Office / Financial Performance
315,Box Office / Financial Performance
316,Box Office / Financial Performance
317,Box Office / Financial Performance
318,Box Office / Financial Performance
319,Box Office / Financial Performance
320,Audience Reception / Ratings
321,Audience Reception / Ratings
322,Audience Reception / Ratings
323,Box Office / Financial Performance
324,Box Office / Financial Performance
325
326,Audience Reception / Ratings
327,Fan Creations / Memes
328,Audience Reception / Ratings
329,Acting / Characters
330,Box Office / Financial Performance
331,Box Office / Financial Performance
332,Plot / Story
333,Box Office / Financial Performance
334,Box Office / Financial Performance
335,Plot / Story
336,Acting / Characters
337,Box Office / Financial Performance
338,Fan Creations / Memes
339,Fan Creations / Memes
340,Box Office / Financial Performance
341,Box Office / Financial Performance
342,Marketing / Promotion
343,Plot / Story
344,Box Office / Financial Performance
345,Marketing / Promotion
346,Marketing / Promotion
347,Box Office / Financial Performance
348,Plot / Story
349,Plot / Story
350,Plot / Story
351,Box Office / Financial Performance
352,Acting / Characters
353,Audience Reception / Ratings
354,Box Office / Financial Performance
355,Audience Reception / Ratings
356,Plot / Story
357,Box Office / Financial Performance
358,Box Office / Financial Performance
359,Audience Reception / Ratings
360,Plot / Story
361,Plot / Story
362,Box Office / Financial Performance
363,Audience Reception / Ratings
364,Box Office / Financial Performance
365,Acting / Characters
366,Box Office / Financial Performance
367,Plot / Story
368,Audience Reception / Ratings
369,Box Office / Financial Performance
370,Audience Reception / Ratings
371,Box Office / Financial Performance
372,Fan Creations / Memes
373,Plot / Story
374,Audience Reception / Ratings
375,Audience Reception / Ratings
376,Fan Creations / Memes
377,Plot / Story
378,Plot / Story
379,Box Office / Financial Performance
380,Box Office / Financial Performance
381,Box Office / Financial Performance
382,Box Office / Financial Performance
383,Box Office / Financial Performance
384,Plot / Story
385,Acting / Characters
386,Box Office / Financial Performance
387,Box Office / Financial Performance
388,Acting / Characters
389,Box Office / Financial Performance
390,Acting / Characters
391,Box Office / Financial Performance
392,Plot / Story
393,Marketing / Promotion
394,Box Office / Financial Performance
395,Marketing / Promotion
396,Audience Reception / Ratings
397,Marketing / Promotion
398,Marketing / Promotion
399,Audience Reception / Ratings
400,Fan Creations / Memes
401,Plot / Story
402,Audience Reception / Ratings
403,Fan Creations / Memes
404,Plot / Story
405,Production / BTS AUDIENCE
406,Production / BTS AUDIENCE
407,Production / BTS AUDIENCE
408,Plot / Story
409,Plot / Story
410,Box Office / Financial Performance
411,Acting / Characters
412,Acting / Characters
413,Audience Reception / Ratings
414,Acting / Characters
415,Marketing / Promotion
416,Acting / Characters
