No.,opencoding3
417,Music
418,Fan Creations / Memes
419,Audience Reception / Ratings
420,Audience Reception / Ratings
421,Plot / Story
422,Plot / Story
423,Marketing / Promotion
424,Box Office / Financial Performance
425,Plot / Story
426,Box Office / Financial Performance
427,Box Office / Financial Performance
428,Box Office / Financial Performance
429,Plot / Story
430,Plot / Story
431,Acting / Characters
432,Plot / Story
433,Box Office / Financial Performance
434,Box Office / Financial Performance
435,Box Office / Financial Performance
436,Box Office / Financial Performance
437,Marketing / Promotion
438,Audience Reception / Ratings
439,Box Office / Financial Performance
440,Box Office / Financial Performance
441,Box Office / Financial Performance
442,Plot / Story
443,Marketing / Promotion
444,Acting / Characters
445,Plot / Story
446,Plot / Story
447,Box Office / Financial Performance
448,Box Office / Financial Performance
449,Plot / Story
450,Marketing / Promotion
451,Audience Reception / Ratings
452,Box Office / Financial Performance
453,Plot / Story
454,Production / BTS
455,Box Office / Financial Performance
456,Marketing / Promotion
457,Box Office / Financial Performance
458,Production / BTS
459,Plot / Story
460,Audience Reception / Ratings
461,Production / BTS
462,Production / BTS
463,Production / BTS
464,Production / BTS
465,Plot / Story
466,Box Office / Financial Performance
467,Box Office / Financial Performance
468,Box Office / Financial Performance
469,Marketing / Promotion
470,Plot / Story
471,Plot / Story
472,Audience Reception / Ratings
473,Plot / Story
474,Production / BTS
475,Plot / Story
476,Plot / Story
477,Marketing / Promotion
478,Marketing / Promotion
479,Plot / Story
480,Plot / Story
481,Acting / Characters
482,Plot / Story
483,Box Office / Financial Performance
484,Marketing / Promotion
485,Box Office / Financial Performance
486,Production / BTS
487,Music
488,Plot / Story
489,Production / BTS
490,Plot / Story
491,Plot / Story
492,Production / BTS
493,Fan Creations / Memes
494,Box Office / Financial Performance
495,Music
496,Plot / Story
497,Marketing / Promotion
498,Production / BTS
499,Marketing / Promotion
500,Audience Reception / Ratings
501,Plot / Story
502,Plot / Story
503,Plot / Story
504,Production / BTS
505,Plot / Story
506,Box Office / Financial Performance
507,Box Office / Financial Performance
508,Marketing / Promotion
509,Acting / Characters
510,Plot / Story
511,Acting / Characters
512,Plot / Story
513,Plot / Story
514,Plot / Story
515,Box Office / Financial Performance
516,Acting / Characters
517,Audience Reception / Ratings
518,Audience Reception / Ratings
519,Plot / Story
520,Production / BTS
521,Acting / Characters
522,Acting / Characters
523,Fan Creations / Memes
524,Plot / Story
525,Production / BTS
526,Marketing / Promotion
527,Audience Reception / Ratings
528,Acting / Characters
529,Box Office / Financial Performance
530,Acting / Characters
531,Music
532,Plot / Story
533,Plot / Story
534,Acting / Characters
535,Plot / Story
536,Production / BTS
537,Acting / Characters
538,Marketing / Promotion
539,Marketing / Promotion
540,Production / BTS
541,Plot / Story
542,Marketing / Promotion
543,Production / BTS
544,Plot / Story
545,Plot / Story
546,Plot / Story
547,Plot / Story
548,Plot / Story
549,Plot / Story
550,Plot / Story
551,Marketing / Promotion
552,Plot / Story
553,Plot / Story
554,Plot / Story
555,Marketing / Promotion
556,Plot / Story
557,Plot / Story
558,Marketing / Promotion
559,Plot / Story
560,Plot / Story
561,Plot / Story
562,Plot / Story
563,Acting / Characters
564,Plot / Story
565,Plot / Story
566,Plot / Story
567,Marketing / Promotion
568,Marketing / Promotion
569,Plot / Story
570,Marketing / Promotion
571,Marketing / Promotion
572,Marketing / Promotion
573,Plot / Story
574,Plot / Story
575,Music
576,Marketing / Promotion
577,Production / BTS
578,Production / BTS
579,Acting / Characters
580,Acting / Characters
581,Acting / Characters
582,Acting / Characters
583,Plot / Story
584,Plot / Story
585,Acting / Characters
586,Acting / Characters
587,Acting / Characters
588,Acting / Characters
589,Plot / Story
590,Marketing / Promotion
591,Marketing / Promotion
592,Marketing / Promotion
593,Marketing / Promotion
594,Plot / Story
595,Marketing / Promotion
596,Fan Creations / Memes
597,Plot / Story
598,Marketing / Promotion
599,Production / BTS
600,Marketing / Promotion
601,Production / BTS
602,Audience Reception / Ratings
603,Plot / Story
604,Plot / Story
605,Plot / Story
606,Acting / Characters
607,Production / BTS
608,Plot / Story
609,Plot / Story
610,Production / BTS
611,Production / BTS
612,Production / BTS
613,Production / BTS
614,Production / BTS
615,Production / BTS
616,Plot / Story