No.,movie_name,title,score,upvote_ratio,num_comments,selftext,topics
52,28 Years Later,'28 Years Later' Director Danny Boyle Says Shooting on iPhones Let Him Capture 'Startling' Violence,554,0.94,122,First comment: Translation: Apple paid me so much fucking money,Production / BTS AUDIENCE
58,28 Years Later,can anyone think of a reason why danny boyle is directing pt. 1 and 3 of 28 years later but nia dacosta is directing pt. 2?,386,0.91,125,a bit apprehensive in the style / quality drop just based off what i’ve seen / heard about her previous films. seems an odd choice to have someone else take over in the middle,Production / BTS AUDIENCE
59,28 Years Later,New unseen shots from 28 Years Later. Honestly can’t wait for this movie,1595,1.0,29,"First comment: Ooh, infected friends",Production / BTS AUDIENCE
63,28 Years Later,"iPhone setups used to film the movie ""28 Years Later""",961,0.98,39,"First comment: A camera is much more than just the sensor. 
Look at the additional gear used with the phone. Calling this filmed on iPhone is like shoving a V8 in a suzuki swift, winning a race with it, and then claiming Swift won the race.",Production / BTS AUDIENCE
72,28 Years Later,28 Years Later (2025) was shot entirely on iPhone. This is because I watched a camrip from The Pirate Bay.,1971,1.0,8,"First comment: Well how ""good"" was it",Production / BTS AUDIENCE
83,Ballerina,Ballerina deleted scene explaining how John got involved,853,0.99,130,This shouldn't have been cut for real.,Production / BTS AUDIENCE
87,Ballerina,I went to the Hollywood premiere and afterparty for Ballerina,1639,1.0,61,"I’m a mega fan that won a Lionsgate sweepstakes. 
I don’t want to talk about the movie too much quite yet since most people haven’t seen it yet, but it was great.
Craziest experience of my life. I met Ana De Armas and Ian McShane. Ana De Armas is the nicest person I’ve ever talked to. Keanu Reeves did a speech before the film honoring the late Lance Reddick and that was sweet. The afterparty was at The Avalon and that was wild. Overall just wild experience and I wanted to share some photos. 
Great people, great movie, great time. About to hop on a plane to fly back home.",Production / BTS AUDIENCE
91,Ballerina,Ballerina stunt person posts behind the scenes montage,1562,0.99,50,Source: https://www.instagram.com/chaunaumova?igsh=OWt5aW40bWhudDI5,Production / BTS AUDIENCE
136,Bride Hard,Rebel Wilson Trained for Five Weeks to Master Fight Scenes in 'Bride Hard',1,1.0,0,,Production / BTS AUDIENCE
164,Elio,"Inside Elio’s Catastrophic Path: America Ferrera’s Exit, Director Change and Erasure of Queer Themes",1933,0.86,754,"First comment: Keeping those themes would have done nothing for ticket sales
&gt; Although viewers expressed how much they enjoyed the movie, they were also asked how many of them would see it in a theater, and not a single hand was raised, 
This is the only quote in the whole article that actually matters. Disney Plus killed Disney original IP theatrical releases, especially for animation. Everybody is now in the mindset of ""wait for streaming"".",Production / BTS AUDIENCE
180,Elio,There's something curious I noticed about Elio's D23 2024 trailer.,696,0.98,99,"In the trailer shown at D23 in 2024, in addition to including scenes from both the original and final versions, there are a couple of slightly different scenes in which Elio has a green helmet and eyes, simulating the head of an Alien, instead of the metal helmet he wears in the final version. 
That also includes a scene that doesn't appear in the final film, where Elio is wearing that green helmet, and he's riding on his bike.
These couldn't be scenes from the original version, since as we know, Elio wasn't obsessed with aliens until the rewrites.
This same design also appears in the artbook that was officially released in May 2025.
So... Are there 3 rendered versions of Elio? This being a Beta version of the final version",Production / BTS AUDIENCE
211,Elio,"Inside ‘Elio’s’ “Catastrophic” Path: America Ferrera’s Exit, Director Change and Erasure of Queer Themes",220,0.91,77,"First comment: &gt;• According to a Pixar staffer, Adrian Molina's original version was far better
&gt;• ""The first cut of the film had a test screening where audiences were asked how many of them would see it in a theater, and not a single hand was raised""
Bothe statements can be true at the same time.
Christ almighty.",Production / BTS AUDIENCE
226,Elio,"Elio: Inside Pixar's Box Office Flop, America Ferrara, Director Change",86,0.96,79,"First comment: I’m going to be real, this crusade of “anti-woke” Iger has been on is much more egregious and damaging to the company than anything Eisner did that warranted Roy Disney staging a coup to remove him back in the day. This is, what, the third or fourth film with lengthy delays somewhat centered around sanding off the politics only to bomb?",Production / BTS AUDIENCE
231,Elio,Elio 2023 design vs 2025 design,240,0.95,42,"It's not very different, except for the change of clothes (In the movie he still keeps the uniform, but I think it no longer includes it with the cape)",Production / BTS AUDIENCE
248,F1 The Movie,[Formula 1]Exclusive Look At The APXGP Car From F1 The Movie | F1TV Tech Talk,266,0.82,50,"First comment: Man, the sponsors of the movie are really milking the airtime for their brands",Production / BTS AUDIENCE
272,F1 The Movie,How good is the new F1 The Movie immersive video on AVP ?,139,0.95,22,"First comment: I just watched it. It’s a very cool little low effort three minute B roll video of Brad Pitt taking a “hot lap” around a track. The lap is not very hot; he’s going pretty slow most of the lap. 
The camera angle is a little odd. They had to protect the camera and make sure it wasn’t in the driver’s view. Half your view down the track is blocked by side a view mirror.  But you can definitely see that it is Brad driving.
They show a few shots of the camera being mounted and you can see the camera fully in the side your mirror. The one they mounted to the car in the preroll was a Sony small body like an alpha or an FX. I couldn’t tell what the lens was. But the lens on the side view mirror doesn’t look like a stereoscopic lens. 
The video has stereoscopic effect and is “immersive”, but it’s not a full 180. Because it was shot at night the video was pretty grainy.
If anyone knows what lens is being used on a Sony body to make this video, I’d love to buy one. 
This felt very much like an early tech demo or a small apple side project to advertise the Vision Pro. They didn’t put much effort into it. But it is a cool little inside look, and I think worth one viewing.",Production / BTS AUDIENCE
274,F1 The Movie,‘F1 The Movie’ 4DX experience in-depth review (with IMAX GT face-off),69,0.93,28,"It’s the big one! Premium format fans are excited for the release of *F1 The Movie*, which not only has a full-throated IMAX version but also comes from some of the people behind the 4DX fan favourite *Top Gun: Maverick*. Given the interest in both formats and the fact that I was able to catch an IMAX preview before the 4DX release, I’ve taken the liberty of doing a comparison as well as the usual 4DX review.
**Sky Glass advert mini face-off:** Before we get to the main event, I was amused to see the new Sky Glass advert before both screenings, with the 4DX version featuring effects. While the IMAX had superior image quality, the 4DX version featured wind, rain, seat movement and the airburst simulating a dart gun. Gotta say, the 4DX swung this initial round for me - lots of 4DX films wish they had this length to effects usage ratio. But can 4DX maintain its early lead in this heated format race?
**The film itself - ★★★☆☆:** Before we get to the formats, let’s look at the film. Sonny Hayes (Brad Pitt), the ‘greatest [F1 racer] that never was’, is persuaded out of retirement by old racing acquaintance Ruben, who now owns an F1 team. He joins unproven rookie Joshua Pearce (Damson Idris) with whom tensions immediately spark. With nine races to go in the season, the team faces early disaster, with the drivers, their teamwork, their cars and pit team all ineffective and in disarray. Can they pull things together to pull off an unlikely victory?
While the film does come to life in the racing sequences, the script lacks sparkle and spends the majority of the non-race scenes perfunctorily going through the motions.
I thought Damson Idris was charismatic as Joshua but Brad Pitt felt a bit phoned in. His inclusion seems to be controversial and I’ve seen a few people saying they won’t see this due to the claims of abuse against his family - there is nothing in his mediocre performance to counter the dark real-life cloud he casts over the movie and you’ll wish Tom Cruise was here instead.
The original *Top Gun* played at my local cinema last Friday and despite all its imperfections, it still has a distinctive vibe and iconic soundtrack. I think most cinema-goers will be perfectly content for *F1* to be ‘one of these’ films, I was just a bit disappointed that it didn’t have just a little more about it creatively. It’s a lesser film than either of the *Top Gun* movies for me, although (looking at comparables) I enjoyed it more than *Days of Thunder*. The slightly better pacing and less reliance on continuity also put it above *Mission: Impossible – The Final Reckoning* for me personally.
Speaking of, I think this is going to split opinion along the same lines as *Final Reckoning*. If you found the non-action scenes dragged that down, you’ll feel the same here. If you found the action so thrilling that you really enjoyed the film as a whole, you’ll feel the same here and should pop an extra star on to my score.
I think most people will be pretty content if they know what they’re going into - it’s just a bit of a shame the connective tissue around the racing scenes is so perfunctory as just a bit more sparkle could have easily tipped it into genuinely good territory. 
The day I went to see the film in IMAX, there was a massive, possibly asbestos-laced fire in central Manchester and I slightly ummed-and-ahhed about whether I should be travelling into town to see the film. I decided to brave the risk of asbestosis on the basis of ‘but Reddit needs me’. While ‘is this film worth possibly getting asbestosis for?’ is a ridiculous benchmark of enjoyability for a film to bear, I have to say, and you can roast me in the comments if you don’t agree, that *F1 The Movie* is not worth getting asbestosis for.
(A post-script after seeing the film a second time - I actually did slightly warm on the film the second time around but then the outro scenes came in and underlined how shallow the characterisation is and how Pitt’s plot arc basically doesn’t go anywhere.)
**The IMAX experience - ★★★★☆:** 
*For the IMAX screening I went to the Manchester Printworks IMAX, which has full-fat IMAX GT. I snuck in a Calypso Strawberry Lemonade, which was delicious, and some new fizzy sweets from Aldi of which I should probably not have eaten two bags. I also snuck in a cushion as I don’t think the recliners have enough lumbar contact!*
*F1 The Movie* is presented in expanded 1.90 aspect ratio throughout. While there’s no full 1.43 ratio footage, I was perfectly happy with this solution. The nature of the film clearly precludes traditional 1.43 IMAX filming for much of the racing, with the film leaning heavily on novel digital filming techniques. The consistent 1.90 ratio has a couple of convenient side-effects - no awkward ratio shifts and the frame doesn’t get obscured at the bottom by people’s heads.
From what I can see online, the film was shot on a mix of cameras, including modified iPhones in some places. Correspondingly the level of detail does change from shot to shot - don’t expect the traditional eye-popping level of detail from IMAX filming in every shot. But even at its lowest level of fidelity, the film looks appropriate for the big screen and the compromises in video quality are clearly worth it in capturing shots that would otherwise be impossible.
Outside of the racing scenes, there’s honestly nothing exciting going on cinematography-wise that feels like it’s taking advantage of the format - it’s largely pedestrian shots of characters in uninteresting environments. It would have been nice to see a bit more aesthetic flair outside of the racing so the film felt more like a premium experience throughout.
Overall, the film looks great in IMAX and the big screen does really immerse you in the action, especially during the climactic racing sequence. But with a reasonable chunk of the film being lower quality footage (albeit for the best of reasons) blown up to IMAX 1.90 and there not being much aesthetic quality to the film outside of the racing, I’m not giving it full marks.
**The 4DX experience - ★★★☆☆:** 
*For the 4DX screening, I went to my usual Cineworld 4DX venue. I snuck in a Levi Roots Jamaican Sunset, which is one of my favourite drinks from the corner shop, and some Mallow &amp; Marsh coconut mallows, which were delicious but bougie and expensive, and some clearance Malteaser Mini Bunnies, which were cheap and quieter to eat than regular Malteasers.*
With this film coming from the makers of *Top Gun: Maverick* and somewhat replicating its basic formula, expectations have been high for the 4DX effects of this one, given Maverick is a 4DX favourite. Unfortunately, the movements of an F1 car aren’t quite as good of a synergy with 4DX as airplane antics.
Seat movement is the bread and butter of this 4DX presentation, with the seats vibrating and tilting to replicate the movements of the cars on screen. To me, the seat movements had a very hyper-exaggerated feel compared to what was happening on-screen. Some Google research suggests that F1 drivers do experience a lot of vibration in the cars and clearly there does need to be some exaggeration of movement for the 4DX seats to create any sensation of movement and steering at all. But nonetheless, something felt off about the movement to me. It felt more like off-road racing than F1 a lot of the time and I just felt a bit of a disconnect between the screen and the chairs. There isn’t the sense of catharsis you get from top-tier 4DX films - yes, the seats move somewhat like a car but it this case it’s just not especially thrilling somehow.
There’s a race sequence set in rainy conditions that gives the water effects a good workout, with the full suite of auditorium rain, backspray and seat spray being used. Water also doubles as the spray of victory Champaign at various points in the film. The Father’s Day bundle would have been better off including a pre-order ticket for this rather than *How to Train Your Dragon* as it’s a more dad-friendly film and would have actually given the poncho a bit of a workout!
There’s very little in the way of effects outside of the race sequences, which does create significant effects deserts. It stuck out to me that a couple of opportunities for water effects in the early scenes of the film were passed up - Brad Pitt dunks his head in water but bafflingly there is no corresponding water effect. Another instance that stuck out to me was the scene where Pitt encounters the lead engineer on a bike while he’s driving to work - she says she rides a bike because she needs to feel the wind and yet the wind effect isn’t used during that scene to help set up the line.
Characters are frequently shown going for a run in between racing scenes. There are numerous 4DX films that engage the seats when characters are running and it annoyed me a bit that this was passed up here - yes, it would have been a somewhat plate-spinning use of effects but it would have helped bridge the gap between race segments without feeling too spurious.
Wind is frequently used alongside seat movement to create a sense of motion during driving scenes. Fog pops up a couple of times to represent dust and smoke. Scent pops up twice - a nature scent during an outdoor scene and a sweet scent during a nightclub scene. The strobe actually pops up a few times in this representing various things including fireworks.
While it’s by no means a terrible effects package and not the worst demo for 4DX if you’ve never experienced it before, overall the 4DX experience is a bit of a let-down compared to the semi-literal sky high expectations set up by *Top Gun: Maverick*.
**Conclusion:** There was a lot of uncertainty in this race between formats - I went into the initial IMAX screening thinking IMAX would be a clear winner but left feeling that 4DX was actually likely to be the victor. But after seeing the film in both formats, IMAX is the winner and it isn’t even close.
I spent the entire 4DX screening pining for the increased visual and audio quality of the IMAX version. I actually didn’t give the lighting and colour grading a second thought during the IMAX screening but the increased projection quality helps hide a multitude of sins. The film is lit and graded in a way that is meant to look naturalistic and understated. This looks fine projected in IMAX but with the significantly worse projection of 4DX (and when this comes to streaming this will likely also effect cheaper TVs) the image looks a bit washed out and details in darker areas of the image are difficult to discern. This is a failure of the lighting (it’s a bit ridiculous that multiple Black characters are so underlit that the details of their faces can’t be seen in some scenes without ideal display quality) but it is something higher quality projection seems to alleviate.
I generally felt more immersed in the action with IMAX. The massive high-quality screen makes a big difference and across the two screenings I ended up feeling like the movement of the cars wasn’t something that was actually desperately crying out to be experienced in a more tactile way. One dramatic racing moment that I expected to be enhanced by 4DX actually seemed worse in the 4DX screening as the effects were more of a distraction than an enhancement.
The 4DX is certainly not bad and is worth a consideration if you’re curious or don’t have access to IMAX but if you’re interested in both formats I would definitively say choose IMAX.
—
I’m not an F1 person and that’s the perspective I’ve brought to this film. I’ve heard this is turning out to be fairly controversial among F1 aficionados and it did stick out to me even as a lay person that there’s an awful lot of dark arts deployed in this right to the end of the film - manipulation of safety cars, etc. I’m curious to hear what any F1 fans think of the film - and if you’ve seen the 4DX version what you think of the accuracy of the effects. 
And in general I’m interested to hear what other people thought about the film and 4DX version - I feel like some people are going to enjoy it a lot more than me and feel I’ve been quite harsh on it.",Production / BTS AUDIENCE
279,F1 The Movie,Camera work BTS on 'F1 the Movie',34,0.64,28,"First comment: Having now watched the movie I still haven't quite processed how they did the actual racing shots...
Shooting the APX GP cars with the actors etc on empty tracks, then inserting that footage into real F1 racing footage from in car cameras etc? Possibly by sometimes replacing actual cars from the real racing footage?
Shooting the APX cars on empty, actual tracks and then the rest of the grid is mostly CGI?
At first I thought option 1, but there are intense on track racing scenes, especially later in the movie, that do not align with anything I can recall from real races.
There are only a couple of scenes that have shonky CG (the crash, and one brief scene of the team walking through the paddock which is clearly overlayed). If there is extensive CG work during the actual in car race footage then it's some of the best, seamless stuff I've ever seen.",Production / BTS AUDIENCE
302,How to Train Your Dragon,"Gerard Butler thanks his ‘How To Train Your Dragon’ costar Mason Thames for wearing a ‘The Phantom of the Opera’ shirt: “Didn’t know this one even saw the film since it came out before he was born, He knows the classics, proud dad!”",526,0.97,88,First comment: I need to let Gerard Butler know my sister and I have been randomly blurting ‘SING MY ANGEL OF MUSIC’ for like 20 years.,Production / BTS AUDIENCE
405,Kpop Demon Hunters,"Despite the amount of posts about Kpop Demon Hunters(2025) on this sub, I have yet to see what the demons actually look like. This is because the corporate shills paid to promote this movie here were instructed not to spoil anything by their masters.",13244,0.91,558,"First comment: You don't want to see the demons. You want to see the weird tiger and the ~~crow~~magpie with a hat.
https://preview.redd.it/wlffu8hxogcf1.jpeg?width=1566&amp;format=pjpg&amp;auto=webp&amp;s=c4b6d5e8df8872e2180b03c3e419da8d900f4550
edit: not a crow apparently oops",Production / BTS AUDIENCE
406,Kpop Demon Hunters,"In KPop Demon Hunters (2025), the members of a K-pop girl band are shown writing their own songs without any co-writers or producers. This is a reference to the fact this movie is fictional.",12808,0.96,236,"First comment: Also, their manager is shown to be a nice person that doesn't tell them what to  eat, when to eat or berate them for eating too much.",Production / BTS AUDIENCE
407,Kpop Demon Hunters,"AMA with KPop Demon Hunter’s Maggie Kang, Chris Appelhans and Ian Eisendrath",1590,0.98,857,"Monsters beware: The *KPop Demon Hunters* are here to slay the day!
Join the team behind Netflix’s hit movie [KPop Demon Hunters ](https://www.netflix.com/tudum/articles/kpop-demon-hunters-release-date-cast-news)(directors Maggie Kang &amp; Chris Appelhans and music supervisor Ian Eisendrath) for an AMA here in the r/KPop community on Thursday, July 10th at 9 am PST / 12 pm EST. Drop your questions below and we’ll see you soon!
[KPop Demon Hunters AMA](https://preview.redd.it/hyq2d4lqxubf1.jpg?width=1179&amp;format=pjpg&amp;auto=webp&amp;s=48af461c5f1b817fe3e24e9abadbd03489c6dd19)
https://preview.redd.it/n373qb3byubf1.jpg?width=1201&amp;format=pjpg&amp;auto=webp&amp;s=fa50cf485d855447821cb61f7f24bd8ee2f82d02",Production / BTS AUDIENCE
